1001,2026-01-01,C001,Delivered
1002,2026-01-02,C002,Pending
1003,2026-01-03,C003,Shipped
1004,2026-01-04,C004,Cancelled
1005,2026-01-05,C005,Delivered
1006,2026-01-06,C006,Pending
1007,2026-01-07,C007,Shipped
1008,2026-01-08,C008,Delivered
1009,2026-01-09,C009,Cancelled
1010,2026-01-10,C010,Pending
1011,2026-01-11,C011,Delivered
1012,2026-01-12,C012,Shipped
1013,2026-01-13,C013,Pending
1014,2026-01-14,C014,Delivered
1015,2026-01-15,C015,Cancelled
1001,2026-01-01,C001,Delivered
1002,2026-01-02,C002,Pending
1003,2026-01-03,C003,Shipped
1004,2026-01-04,C004,Cancelled
1005,2026-01-05,C005,Delivered
1006,2026-01-06,C006,Pending
1007,2026-01-07,C007,Shipped
1008,2026-01-08,C008,Delivered
1009,2026-01-09,C009,Cancelled
1010,2026-01-10,C010,Pending
1011,2026-01-11,C011,Delivered
1012,2026-01-12,C012,Shipped
1013,2026-01-13,C013,Pending
1014,2026-01-14,C014,Delivered
1015,2026-01-15,C015,Cancelled